,customer_id,age,income,credit_score,purchased,income_age_ratio,risk_score
count,80.0,80.0,80.0,80.0,80.0,80.0,80.0
mean,40.5,46.475,84836.6875,582.5,0.4875,2185.51692333186,0.3872805708823529
std,23.2379000772445,18.742070053049577,38632.646209576065,163.18351865152826,0.5029973450366553,1542.5288178342914,0.2123070903410682
min,1.0,18.0,20575.0,305.0,0.0,360.241935483871,0.06948
25%,20.75,32.0,53860.75,454.25,0.0,1106.4516358463727,0.23899577647058817
50%,40.5,45.0,88313.0,590.0,0.0,1827.3587237711986,0.33562283921568625
75%,60.25,62.25,119791.5,729.5,1.0,2676.7291666666665,0.542108305882353
max,80.0,78.0,149053.0,849.0,1.0,8132.055555555556,0.9156295215686274
