,customer_id,age,income,credit_score,purchased,income_age_ratio,risk_score
count,80.0,80.0,80.0,80.0,80.0,80.0,80.0
mean,40.5,44.7,83172.625,580.675,0.4125,2140.4778770396797,0.3837485479411765
std,23.2379000772445,18.038215410341277,39069.34745962474,157.50843055596272,0.49539014161069383,1337.332835375221,0.2159050137774418
min,1.0,18.0,21609.0,312.0,0.0,347.95238095238096,0.0656770352941176
25%,20.75,29.0,45430.5,440.75,0.0,1244.4748445449407,0.21715888235294112
50%,40.5,43.0,82524.0,562.0,0.0,1912.7222222222222,0.34474238039215677
75%,60.25,57.5,117809.5,727.0,1.0,2640.7390891840605,0.5217674117647059
max,80.0,79.0,149670.0,849.0,1.0,6918.65,0.8878043294117648
